{
    "datos_personales": {
      "persona": {
        "nombre": "",
        "apellido": "",
        "cedula": "",
        "fecha_nacimiento": "",
        "sexo": "",
        "direccion": "",
        "telefono": "",
        "email": ""
      }
    },
    "familiares": [
      {
        "nombre": "Dionisio Silverio",
        "parentesco": "Padre",
        "edad": 84
      }
    
    ],
    "condiciones_preexistentes": [
      {
        "enfermedad": "Hipertensión Arterial",
        "tiempo_enfermedad": "5 años",
        "detalles": "//"
      }
      
    ],
    "internamientos": [
      {
        "fecha": "",
        "centro_medico": "",
        "diagnostico": ""
      }
      
    ]
  }
  